Lokalizacja i data,Cena,Wielkość działki,Cena za metr,Url
Krzywaczka ,645 000 ,5 100,126.47,https://www.otodom.pl/pl/oferta/dzialka-inwestycyjna-centrum-miejscowosci-ID4oAJs.html
Tokarnia ,139 000 ,1 600,86.88,https://www.otodom.pl/pl/oferta/piekna-widokowa-dzialka-budowlana-ID4oAJr.html
Porąbka ,220 000 ,2 200,100,/d/oferta/porabka-wielka-puszcza-dzialka-budowlana-2200m2-z-lasem-i-gorska-woda-CID3-IDYaLqD.html
Skawce ,230 000 ,1 900,121.05,https://www.otodom.pl/pl/oferta/dzialka-budowlana-w-skawcach-przy-drodze-24-ID4ouJ5.html
Sidzina ,150 000 ,8 556,17.53,/d/oferta/dzialki-rolne-sidzina-34-236-CID3-IDVXiTd.html
Gorzeń Górny ,237 468 ,3 598,66,https://www.otodom.pl/pl/oferta/pieknie-polozona-dzialka-w-gorzeniu-gornym-ID4lLln.html
Mucharz ,460 000 ,3 320,138.55,https://www.otodom.pl/pl/oferta/dzialka-w-mucharzu-ID4lLli.html
Inwałd ,1 109 000 ,13 100,84.66,https://www.otodom.pl/pl/oferta/bardzo-ladna-dzialka-pod-osiedle-domow-ID4mm4X.html
Zembrzyce ,315 000 ,21 000,15,/d/oferta/sprzedam-dzialke-CID3-IDYcme2.html
Zawoja ,495 000 ,1 389,356.37,https://www.otodom.pl/pl/oferta/widokowa-z-pozwoleniem-na-budowe-cena-z-23-vat-ID4oBj6.html
Gorzeń Dolny ,120 000 ,24,5000,/d/oferta/dzialka-na-sprzedarz-CID3-IDW9hAg.html
Pewel Ślemieńska ,111 000 ,867,128.03,/d/oferta/dzialka-budowlana-beskid-zywiecki-867-m2-faktura-vat-CID3-IDYchza.html
Koszarawa ,110 000 ,999,110.11,https://www.otodom.pl/pl/oferta/widok-na-pilsko-tylko-1-pozostala-ID4jh7U.html
Kocoń ,99 000 ,721,137.31,https://www.otodom.pl/pl/oferta/dzialka-budowlana-7a-z-pieknym-widokiem-na-gory-ID4oB5v.html
Zawoja ,315 000 ,584,539.38,/d/oferta/zawoja-policzne-dzialka-CID3-IDY5Vqb.html
Lachowice ,172 000 ,1 168,147.26,/d/oferta/lachowice-widokowa-dzialka-budowlana-prad-woda-CID3-IDY9rv3.html
Rabka,455 000 ,"45,25",10055.25,/d/oferta/idealna-dzialka-pod-budowe-domu-CID3-IDY7jEW.html
Klecza Dolna ,180 000 ,1 483,121.38,/d/oferta/dzialka-budowlana-15-arow-klecza-dolna-w-okolicy-wadowic-CID3-IDUVPo3.html
Trzebunia ,180 000 ,4 300,41.86,https://www.otodom.pl/pl/oferta/duza-dzialka-budowlana-widokowa-trzebunia-pcim-ID4oAWQ.html
Pewel Ślemieńska ,990 000 ,9 900,100,/d/oferta/1-ha-dzialki-inwestycyjnej-beskid-zywiecki-CID3-IDVdhgL.html
Kobiernice ,295 000 ,8 398,35.13,https://www.otodom.pl/pl/oferta/dzialka-rolno-budowlana-84-ary-z-widokiem-na-gory-ID4oAWs.html
Lanckorona ,275 000 ,2 300,119.57,https://www.otodom.pl/pl/oferta/dzialka-budowlana-w-lanckoronie-widokowa-ID3FNVk.html
Trzebunia ,84 000 ,1 400,60,https://www.otodom.pl/pl/oferta/dzialka-budowlna-gmina-pcim-trzebunia-ID4h6Ll.html
Pewel Ślemieńska ,110 000 ,2 200,50,/d/oferta/dzialka-rolna-widokowa-beskid-zywiecki-CID3-IDVdtGx.html
Wadowice ,249 000 ,1 960,127.04,/d/oferta/dzialka-budowlana-20ar-wysoka-CID3-IDVvePl.html
Chyżne ,200 000 ,5 000,40,/d/oferta/dzialka-rolna-50ar-nad-jeziorem-orawskim-CID3-IDS6hA0.html
Zembrzyce ,480 000 ,2 762,173.79,/d/oferta/dzialka-widokowa-CID3-IDWS8qW.html
Wadowice ,249 000 ,1 960,127.04,/d/oferta/dzialka-budowlana-20ar-wysoka-CID3-IDVvePl.html
Myślenice ,50 ,4 000,0.01,/d/oferta/wynajme-plac-parking-CID3-IDXJwVR.html
Borzęta ,2 500 ,3 400,0.74,/d/oferta/dzialka-borzeta-do-wynajecia-przy-drodze-glownej-myslenice-dobczyce-CID3-IDNOfeP.html
Kuków ,82 500 ,1 129,73.07,/d/oferta/sprzedam-piekna-budowlana-inwestycyjna-CID3-IDQOAaS.html
Kobiernice ,360 000 ,2 023,177.95,https://www.otodom.pl/pl/oferta/dzialka-budowlana-wszystkie-media-dostepne-ID4ozeg.html
Izdebnik ,139 000 ,1 300,106.92,/d/oferta/13-ar-izdebnik-dzialka-przy-lesie-z-mediami-budowlana-CID3-IDMOlfe.html
Kocoń ,130 000 ,1 530,84.97,/d/oferta/dzialka-budowlana-kocon-CID3-IDVszuv.html
Czarny Dunajec ,3 000 ,7 500,0.4,/d/oferta/wynajme-piekna-dzialka-czarny-dunajec-baligowka-woda-prad-CID3-IDXbylr.html
Krzczonów ,127 000 ,3 200,39.69,/d/oferta/dzialka-budowlana-z-wlasnym-lasem-i-w-cudownej-okolicy-32-ary-magii-CID3-IDVz8Rl.html
Głogoczów ,270 000 ,1 299,207.85,https://www.otodom.pl/pl/oferta/zaciszna-dzialka-budowlana-przy-lesie-glogoczow-ID4ne8B.html
Witkowice ,125 000 ,1 081,115.63,/d/oferta/widokowa-dzialka-w-spokojnej-okolicy-CID3-IDYaXc5.html
Krzyżowa ,200 000 ,1 200,166.67,/d/oferta/dzialka-budowlana-12-arow-w-pieknej-okolicy-CID3-IDYaUNS.html
Kuków ,82 500 ,1 129,73.07,/d/oferta/sprzedam-piekna-budowlana-inwestycyjna-CID3-IDQOAaS.html
Tarnawa Górna ,175 000 ,3 850,45.45,/d/oferta/dzialka-budowlana-CID3-IDR8WMu.html
Bogdanówka ,99 000 ,3 200,30.94,/d/oferta/dzialka-32-ary-bogdanowka-CID3-IDXYeUc.html
Żywiec ,60 000 ,1 442,41.61,/d/oferta/dzialka-lesna-tresna-zapora-CID3-IDYaTKp.html
Jordanów ,8 500 ,100,85,/d/oferta/dzialka-widokowa-jordanow-powiat-suski-CID3-IDYaBN8.html
Żywiec ,890 000 ,1 322,673.22,/d/oferta/dzialka-widokowa-przy-brzegu-jeziora-zywieckiego-CID3-IDYaNcF.html
Porąbka ,220 000 ,2 200,100,/d/oferta/porabka-wielka-puszcza-dzialka-budowlana-2200m2-z-lasem-i-gorska-woda-CID3-IDYaLqD.html
Radocza ,107 000 ,1 800,59.44,/d/oferta/dzialka-budowlano-uslugowa-17-60ar-CID3-IDXY07g.html
Lubień ,6 999 000 ,13 500,518.44,https://www.otodom.pl/pl/oferta/olbrzymia-dzialka-1-35ha-teren-mn-dozwolone-uslugi-ID4ozFo.html
Jasienica ,119 000 ,600,198.33,/d/oferta/myjnia-dzialka-inwestycyjna-komercyjna-CID3-IDNWzc9.html
Andrychów ,99 000 ,21 000,4.71,/d/oferta/sprzedam-dzialke-CID3-IDXXrmb.html
Skawce ,230 000 ,1 900,121.05,https://www.otodom.pl/pl/oferta/dzialka-budowlana-w-skawcach-przy-drodze-24-ID4ouJ5.html
Jordanów ,145 000 ,800,181.25,/d/oferta/sprzedam-dzialke-budowlana-8-arow-CID3-IDVKLnY.html
Sidzina ,150 000 ,8 556,17.53,/d/oferta/dzialki-rolne-sidzina-34-236-CID3-IDVXiTd.html
Andrychów ,1 000 ,1 500,0.67,/d/oferta/miejsce-na-biznes-przy-drodze-przelotowej-dk52-bielsko-krakow-CID3-IDVTDPF.html
Borzęta ,2 500 ,3 400,0.74,/d/oferta/dzialka-borzeta-do-wynajecia-przy-drodze-glownej-myslenice-dobczyce-CID3-IDNOfeP.html
Łętownia ,250 000 ,3 800,65.79,/d/oferta/sprzedam-dzialke-rolno-rekreacyjna-38a-z-ladnym-widokiem-na-gory-CID3-IDXabGH.html
Łętownia ,165 000 ,3 600,45.83,/d/oferta/sprzedam-dzialke-rolno-rekreacyjna-36a-z-ladnym-widokiem-na-gory-CID3-IDVJYd5.html
Tresna ,190 000 ,1 029,184.65,/d/oferta/dzialka-budowlana-z-widokiem-na-jezioro-zywieckie-media-CID3-IDYadtg.html
Kęty ,54 100 ,300,180.33,/d/oferta/dzialka-rod-3a-domek-narzedziownia-wc-i-piekne-rosliny-CID3-IDYa7eN.html
Kojszówka ,220 000 ,1 621,135.72,https://www.otodom.pl/pl/oferta/urokliwa-dzialka-budowlana-w-kojszowce-ID4owbh.html
Pewel Wielka ,165 000 ,1 406,117.35,/d/oferta/dzialka-budowlana-w-beskidach-CID3-IDXf1M2.html
Jordanów ,550 000 ,4 500,122.22,/d/oferta/atrakcyjna-dzialka-CID3-IDY9TIN.html
Radocza ,107 000 ,1 800,59.44,/d/oferta/dzialka-budowlano-uslugowa-17-60ar-CID3-IDXY07g.html
Tarnawa Górna ,175 000 ,3 850,45.45,/d/oferta/dzialka-budowlana-CID3-IDR8WMu.html
Nidek ,160 000 ,1 401,114.2,/d/oferta/atrakcyjna-dzialka-budowlana-CID3-IDXX7v0.html
Międzybrodzie Żywieckie ,368 000 ,2 300,160,/d/oferta/dzialka-budowlana-CID3-IDY9Lts.html
Wadowice ,63 000 ,300,210,/d/oferta/dzialka-rekreacyjna-rod-wadowice-34-100-CID3-IDQ7u1V.html
Siepraw ,190 000 ,800,237.5,/d/oferta/dzialka-z-pozwoleniem-na-budowe-dom-w-papawerach-siepraw-CID3-IDXJOYX.html
Tokarnia ,499 000 ,2 400,207.92,/d/oferta/piekna-budowlana-dzialka-24-ary-u-szczytu-w-tokarnia-k-myslenice-pcim-CID3-IDMyF20.html
Krzeszów ,240 000 ,1 850,129.73,/d/oferta/dzialka-budowlana-18-5a-centrum-krzeszow-powiat-suski-gm-stryszawa-CID3-IDV3Xeg.html
Skomielna Biała ,120 000 ,1 091,109.99,/d/oferta/dzialka-budowlana-11-ar-CID3-IDQCf8v.html
Gilowice ,199 000 ,1 594,124.84,/d/oferta/dzialka-budowlana-z-widokiem-na-gory-miejscowosc-gilowice-CID3-IDMV9YC.html
Zawoja ,450 000 ,15 642,28.77,https://www.otodom.pl/pl/oferta/dzialka-siedlisko-inwestycja-las-zawoja-skawica-ID4ohJJ.html
Jawornik ,459 000 ,9 865,46.53,https://www.otodom.pl/pl/oferta/dzialka-w-jaworniku-98-arow-ID4oyP2.html
Czaniec ,140 000 ,16 000,8.75,/d/oferta/dzialka-budowlana-16-arow-CID3-IDSfTOZ.html
Izdebnik ,139 000 ,1 300,106.92,/d/oferta/13-ar-izdebnik-dzialka-przy-lesie-z-mediami-budowlana-CID3-IDMOlfe.html
Rabka,455 000 ,"45,25",10055.25,/d/oferta/idealna-dzialka-pod-budowe-domu-CID3-IDY7jEW.html
Porąbka ,220 000 ,2 200,100,/d/oferta/porabka-wielka-puszcza-dzialka-budowlana-2200m2-z-lasem-i-gorska-woda-CID3-IDYaLqD.html
Sidzina ,150 000 ,8 556,17.53,/d/oferta/dzialki-rolne-sidzina-34-236-CID3-IDVXiTd.html
Wysoka ,160 000 ,3 000,53.33,/d/oferta/sprzedam-dzialke-rolna-CID3-IDY8GJ9.html
Kuków ,425 000 ,6 061,70.12,https://www.otodom.pl/pl/oferta/inwestycja-w-sercu-malopolski-dwie-dzialki-ID4otfK.html
Witkowice ,126 500 ,1 150,110,https://www.otodom.pl/pl/oferta/na-sprzedaz-dzialki-witkowice-11-5-ar-ID4l6eY.html
Zawoja ,580 000 ,1 000,580,/d/oferta/wyjatkowa-dzialka-inwestycyjna-z-panoramicznym-wysokogorskim-widokiem-CID3-IDLfjyU.html
Głogoczów ,850 000 ,3 422,248.39,https://www.otodom.pl/pl/oferta/glogoczow-34-ary-budowlana-asfalt-media-ID4nD6A.html
Łękawica ,219 000 ,1 324,165.41,https://www.otodom.pl/pl/oferta/atrakcyjna-dzialka-budowlana-z-pieknymi-widokami-ID4nPBH.html
Jordanów ,145 000 ,800,181.25,/d/oferta/sprzedam-dzialke-budowlana-8-arow-CID3-IDVKLnY.html
Jordanów ,275 000 ,1 600,171.88,/d/oferta/sprzedam-dzialke-budowlana-16arow-CID3-IDXHSDk.html
Targanice ,190 000 ,1 800,105.56,/d/oferta/dzialka-budowlana-targanice-CID3-IDSxCOq.html
Kuków ,82 500 ,1 129,73.07,/d/oferta/sprzedam-piekna-budowlana-inwestycyjna-CID3-IDQOAaS.html
Borzęta ,2 500 ,3 400,0.74,/d/oferta/dzialka-borzeta-do-wynajecia-przy-drodze-glownej-myslenice-dobczyce-CID3-IDNOfeP.html
Zawoja ,315 000 ,584,539.38,/d/oferta/zawoja-policzne-dzialka-CID3-IDY5Vqb.html
Żywiec ,350 000 ,6 600,53.03,https://www.otodom.pl/pl/oferta/dzialka-66ar-na-gorze-burgalowskiej-ID4j7yw.html
Zasole Bielańskie ,120 000 ,1 000,120,/d/oferta/sprzedam-dzialki-budowlane-zasole-bielanskie-CID3-IDY7KUM.html
Maków Podhalański ,235 000 ,2 091,112.39,/d/oferta/dzialka-budowlana-w-makowie-podhalanskim-CID3-IDS9U6v.html
Stryszów ,795 000 ,14 000,56.79,https://www.otodom.pl/pl/oferta/gospodarstwo-z-sadem-40-km-od-krakowa-ID4nJA0.html
Myślenice ,219 000 ,1 725,126.96,https://www.otodom.pl/pl/oferta/budowlana-zakopianka-30-min-do-krakowa-ID4ljtn.html
Skawce ,170 000 ,1 259,135.03,/d/oferta/dzialka-budowlana-pow-1259m2-CID3-IDO8LtN.html
Koszarawa ,155 000 ,1 555,99.68,/d/oferta/piekna-dzialka-budowlana-z-widokiem-na-gory-CID3-IDI0Gqi.html
Tresna ,120 000 ,1 335,89.89,/d/oferta/tresna-dzialka-nad-jeziorem-CID3-IDXDEff.html
Czaniec ,85 000 ,1 308,64.98,/d/oferta/sprzedam-dzialke-CID3-IDQm9PB.html
Jaroszowice ,125 000 ,600,208.33,/d/oferta/dzialka-rekreacyjna-6-arow-CID3-IDY7qEj.html
Bogdanówka ,99 000 ,3 200,30.94,/d/oferta/dzialka-32-ary-bogdanowka-CID3-IDXYeUc.html
Gorzeń Dolny ,120 000 ,24,5000,/d/oferta/dzialka-na-sprzedarz-CID3-IDW9hAg.html
Skawce ,230 000 ,1 900,121.05,https://www.otodom.pl/pl/oferta/dzialka-budowlana-w-skawcach-przy-drodze-24-ID4ouJ5.html
Ślemień ,80 100 ,801,100,https://www.otodom.pl/pl/oferta/dzialka-budowlana-w-gorach-ID4oxf9.html
Rabka,455 000 ,"45,25",10055.25,/d/oferta/idealna-dzialka-pod-budowe-domu-CID3-IDY7jEW.html
Naprawa ,170 000 ,1 000,170,/d/oferta/dzialka-budowlana-CID3-IDX9uxL.html
Gierałtowice ,650 000 ,12 200,53.28,/d/oferta/dzialka-gieraltowice-CID3-IDXse9U.html
Głogoczów ,290 000 ,2 600,111.54,/d/oferta/dzialka-budowlana-glogoczow-myslenice-25-arow-z-budynkiem-prad-studnia-CID3-IDyNNDO.html
Roczyny ,528 000 ,6 600,80,/d/oferta/dzialka-budowlana-w-roczynach-CID3-IDY6YJX.html
Sucha Beskidzka ,285 000 ,1 900,150,/d/oferta/dzialka-budowlana-19-arow-z-starym-drewnianym-domem-do-rozbiorki-CID3-IDTurnD.html
Tokarnia ,100 000 ,2 300,43.48,/d/oferta/sprzedam-dzialke-w-lesie-CID3-IDY6BI6.html
Przyborów ,330 000 ,675,488.89,https://www.otodom.pl/pl/oferta/ciekawy-domek-letniskowy-w-beskidzie-zywieckim-ID4ovKZ.html
Czaniec ,240 000 ,2 300,104.35,/d/oferta/dzialka-budowlana-czaniec-zaglebocze-ul-zarzecze-CID3-IDXgYGA.html
Myślenice ,50 ,4 000,0.01,/d/oferta/wynajme-plac-parking-CID3-IDXJwVR.html
Klecza Dolna ,180 000 ,1 483,121.38,/d/oferta/dzialka-budowlana-15-arow-klecza-dolna-w-okolicy-wadowic-CID3-IDUVPo3.html
Kuków ,82 500 ,1 129,73.07,/d/oferta/sprzedam-piekna-budowlana-inwestycyjna-CID3-IDQOAaS.html
Malec ,319 950 ,2 370,135,/d/oferta/atrakcyjna-dzialka-budowlana-malec-centrum-CID3-IDXfx6s.html
Załuczne ,67 000 ,496,135.08,https://www.otodom.pl/pl/oferta/dzialka-budowlana-w-gorach-ID4o9SX.html
Porąbka ,485 000 ,8 445,57.43,https://www.otodom.pl/pl/oferta/porabka-kozubnik-85ar-budowlane-w-lesie-zamiana-ID4eFOC.html
Żywiec ,49 500 ,1 088,45.5,https://www.otodom.pl/pl/oferta/sloneczna-budowlana-11ar-przy-jeziorze-ID4fi8c.html
Tresna ,275 000 ,1 968,139.74,https://www.otodom.pl/pl/oferta/tresna-budowlana-20ar-700m-od-jeziora-zamiana-ID4mphC.html
Kęty ,1 465 000 ,9 155,160.02,https://www.otodom.pl/pl/oferta/kety-duza-dzialka-pod-osiedle-dom-firme-inwestcja-ID4ov1f.html
Chocznia ,80 000 ,1 000,80,https://www.otodom.pl/pl/oferta/uzbrojona-dzialka-w-miejscowosci-chocznia-10-arow-ID4owXa.html
Juszczyn ,102 000 ,1 288,79.19,/d/oferta/sprzedam-dzialke-1288m2-CID3-IDXDMHp.html
Gilowice ,45 000 ,1 600,28.13,/d/oferta/dzialka-rolna-w-gilowicach-z-widokiem-CID3-IDY61wX.html
Nowa Wieś ,267 000 ,1 253,213.09,https://www.otodom.pl/pl/oferta/atrakcyjna-dzialka-w-nowej-wsi-ID4owNl.html
Wadowice ,249 000 ,1 960,127.04,/d/oferta/dzialka-budowlana-20ar-wysoka-CID3-IDVvePl.html
Nidek ,160 000 ,1 401,114.2,/d/oferta/atrakcyjna-dzialka-budowlana-CID3-IDXX7v0.html
Sidzina ,150 000 ,8 556,17.53,/d/oferta/dzialki-rolne-sidzina-34-236-CID3-IDVXiTd.html
Kocoń ,180 000 ,1 709,105.32,https://www.otodom.pl/pl/oferta/widokowa-dzialka-w-koconiu-ID4kseV.html
Lipnica Wielka ,250 000 ,2 965,84.32,/d/oferta/dzialka-rekreacyjno-inwestycyjna-lipnica-wielka-CID3-IDW9aew.html
Kalwaria Zebrzydowska ,1 550 000 ,390,3974.36,https://www.otodom.pl/pl/oferta/kamienica-rynek-kalwaria-dom-do-zamieszkania-ID4owI3.html
Żywiec ,225 000 ,1 674,134.41,https://www.otodom.pl/pl/oferta/zywiec-dzialka-budowlana-z-pieknym-widokiem-ID4k7FA.html
Frydrychowice ,240 000 ,4 000,60,/d/oferta/dzialka-siedliskowa-arow-80x40-metrow-CID3-IDY5FbR.html
Czaniec ,350 000 ,26 500,13.21,https://www.otodom.pl/pl/oferta/widokowe-dzialki-czaniec-gmina-porabka-ID4nfVt.html
Andrychów ,425 000 ,7 800,54.49,https://www.otodom.pl/pl/oferta/andrychow-widokowe-78-ar-ID4bCCY.html
Kocierz Rychwałdzki ,450 000 ,2 800,160.71,/d/oferta/piekna-widokowa-dzialka-budowlana-ze-starym-domem-CID3-IDXa4NA.html
Wysoka ,90 000 ,600,150,/d/oferta/sprzedam-dzialke-budowlana-o-pow-6-ara-w-wysokiej-gm-wadowice-CID3-IDY5yb5.html
Łękawica ,75 000 ,480,156.25,/d/oferta/sprzedam-jedna-z-dzialek-CID3-IDXSfJP.html
Izdebnik ,139 000 ,1 300,106.92,/d/oferta/13-ar-izdebnik-dzialka-przy-lesie-z-mediami-budowlana-CID3-IDMOlfe.html
Porąbka ,220 000 ,2 200,100,/d/oferta/porabka-wielka-puszcza-dzialka-budowlana-2200m2-z-lasem-i-gorska-woda-CID3-IDYaLqD.html
Radocza ,107 000 ,1 800,59.44,/d/oferta/dzialka-budowlano-uslugowa-17-60ar-CID3-IDXY07g.html
Skawica ,64 900 ,599,108.35,/d/oferta/dzialka-budowlana-na-sprzedaz-w-skawicy-CID3-IDY5eT7.html
Skawica ,180 000 ,1 000,180,/d/oferta/dzialka-budowlana-w-gorach-skawica-gmina-zawoja-CID3-IDUvZcE.html
Jawornik ,165 000 ,600,275,/d/oferta/widokowa-dzialka-z-wszystkimi-mediami-CID3-IDHwXSL.html
Juszczyna ,48 000 ,800,60,/d/oferta/dzialka-widokowa-CID3-IDY53rm.html
Wadowice ,440 000 ,2 350,187.23,/d/oferta/dzialka-budowlana-23-ary-w-zawadce-k-wadowic-CID3-IDXZgcj.html
Orawka ,280 000 ,1 685,166.17,/d/oferta/dzialka-budowlana-z-widokiem-na-babia-gore-orawka-CID3-IDXxeVD.html
Stryszów ,87 000 ,1 960,44.39,/d/oferta/dzialka-rolna-z-mozliwoscia-zabudowy-zagrodowej-jednorodzinnej-CID3-IDY4fDC.html
Podwilk ,60 000 ,7 000,8.57,/d/oferta/dzialki-rolne-polany-lesne-CID3-IDY44Sz.html
Pewelka ,109 000 ,901,120.98,/d/oferta/dzialka-budowlana-pewelka-CID3-IDUoSgd.html
Trzebunia ,249 000 ,3 000,83,https://www.otodom.pl/pl/oferta/widokowa-dzialka-z-potencjalem-ID4lxyw.html
Czarny Dunajec ,3 000 ,7 500,0.4,/d/oferta/wynajme-piekna-dzialka-czarny-dunajec-baligowka-woda-prad-CID3-IDXbylr.html
Wadowice ,249 000 ,1 960,127.04,/d/oferta/dzialka-budowlana-20ar-wysoka-CID3-IDVvePl.html
Klecza Dolna ,180 000 ,1 483,121.38,/d/oferta/dzialka-budowlana-15-arow-klecza-dolna-w-okolicy-wadowic-CID3-IDUVPo3.html
Kocierz Moszczanicki ,229 000 ,4 133,55.41,https://www.otodom.pl/pl/oferta/piekna-dzialka-budowlano-rolna-kocierz-moszczanick-ID4l1Ot.html
Barwałd Górny ,649 000 ,7 231,89.75,https://www.otodom.pl/pl/oferta/widokowa-dzialka-budowalana-7231m-dom-166m-ID4lQn1.html
Jordanów ,1 719 000 ,22 925,74.98,/d/oferta/sprzedam-dzialke-jordanow-slaski-okazja-przy-drodze-22-925-metrow-CID3-IDVcPzN.html
Wadowice ,155 000 ,1 347,115.07,/d/oferta/dzialka-budowlana-wadowice-ul-sportowcow-CID3-IDVqvKU.html
Przytkowice ,150 000 ,940,159.57,/d/oferta/dzialka-przytkowice-gmina-kalwaria-powiat-wadowicki-CID3-IDVeK9W.html
Skawinki ,99 000 ,940,105.32,/d/oferta/widokowa-dzialka-9-4-ar-gmina-lanckorona-CID3-IDVzLhH.html
Myślenice ,620 000 ,1 900,326.32,/d/oferta/sprzedam-dzialke-z-prawomocnym-pozwoleniem-budynek-mieszkalny-jednordz-CID3-IDY33YK.html
Andrychów ,322 000 ,52 000,6.19,/d/oferta/duza-dzialka-budowlana-w-gorach-52ary-targanice-andrychow-CID3-IDY2XCt.html
Radocza ,2 500 000 ,10 000,250,/d/oferta/radocza-dzialka-inwestycyjno-uslugowa-blisko-zator-i-wadowice-CID3-IDWYexe.html
Juszczyna ,85 000 ,2 400,35.42,/d/oferta/dzialka-budowlana-uslugowa-24ary-CID3-IDTX4GD.html
Zawoja ,315 000 ,584,539.38,/d/oferta/zawoja-policzne-dzialka-CID3-IDY5Vqb.html
Skawce ,230 000 ,1 900,121.05,https://www.otodom.pl/pl/oferta/dzialka-budowlana-w-skawcach-przy-drodze-24-ID4ouJ5.html
Nidek ,160 000 ,1 401,114.2,/d/oferta/atrakcyjna-dzialka-budowlana-CID3-IDXX7v0.html
Tarnawa Dolna ,220 000 ,2 000,110,/d/oferta/dzialka-budowlana-widokowa-tarnawa-dolna-nizien-CID3-IDXnBNS.html
Zawadka ,500 000 ,11 500,43.48,/d/oferta/50-udzial-w-dzialce-budowlanej-w-zawadce-kolo-wadowic-1-15-ha-CID3-IDWqUWK.html
Długopole ,230 000 ,2 576,89.29,/d/oferta/dzialka-z-pozwoleniem-na-2-domki-widok-na-tatry-CID3-IDY2os6.html
Bulowice ,220 000 ,11,20000,/d/oferta/dzialka-budowlana-18-arow-CID3-IDY2nQc.html
Rabka,297 300 ,2 973,100,/d/oferta/dzialka-chabowka-widokowa-CID3-IDY1UUg.html
Rabka,63 300 ,2 110,30,/d/oferta/dzialka-chabowka-CID3-IDY1Ui5.html
Rabka,51 615 ,1 147,45,/d/oferta/dzialka-chabowka-CID3-IDY1Td6.html
Inwałd ,250 000 ,2 300,108.7,/d/oferta/sprzedam-dzialke-budowlana-23-ary-CID3-IDXxXiO.html
Rabka,89 160 ,2 229,40,/d/oferta/dzialka-chabowka-CID3-IDY1JxT.html
Rabka,199 990 ,2 406,83.12,https://www.otodom.pl/pl/oferta/dzialka-widokowa-rabka-zdroj-24a-ze-zgoda-na-domek-ID4ltHD.html
Radocza ,107 000 ,1 800,59.44,/d/oferta/dzialka-budowlano-uslugowa-17-60ar-CID3-IDXY07g.html
Myślenice ,50 ,4 000,0.01,/d/oferta/wynajme-plac-parking-CID3-IDXJwVR.html
Borzęta ,2 500 ,3 400,0.74,/d/oferta/dzialka-borzeta-do-wynajecia-przy-drodze-glownej-myslenice-dobczyce-CID3-IDNOfeP.html
Głogoczów ,1 100 000 ,5 900,186.44,https://www.otodom.pl/pl/oferta/dla-dewelopera-9-domow-z-pozwoleniem-glogoczow-ID4otqZ.html
Jordanów ,29 000 ,2 266,12.8,/d/oferta/pilne-sprzedam-las-w-jordanowie-CID3-IDUTztH.html
Rzyki ,180 000 ,7 000,25.71,/d/oferta/dzialka-rzyki-praciaki-CID3-IDY1exL.html
Zakrzów ,780 000 ,13 000,60,/d/oferta/dzialki-budowlane-zagrodowe-inwestycyjne-zakrzow-1-3ha-CID3-IDStHeu.html
Żywiec ,23 999 ,657,36.53,https://www.otodom.pl/pl/oferta/dzialka-w-spokojnej-i-cichej-okolicy-w-zywcu-657m2-ID4nX7s.html
Bieńkówka ,49 000 ,2 402,20.4,/d/oferta/dzialka-widokowa-bienkowka-CID3-IDXsFl7.html
Zawoja ,1 999 000 ,3 603,554.82,https://www.otodom.pl/pl/oferta/widokowa-rekreacyjna-dzialka-w-gorach-z-widokiem-ID4on8Z.html
Nowa Wieś ,189 000 ,1 634,115.67,https://www.otodom.pl/pl/oferta/atrakcyjna-dzialka-cisza-i-spokoj-piekny-widok-ID4osvf.html
Korbielów ,2 000 ,5 000,0.4,/d/oferta/korbielow-miejsce-pod-przyczepe-kampera-domek-250m-do-wyciagu-CID3-IDTOdsu.html
Koziniec ,147 000 ,9 700,15.15,/d/oferta/dzialka-9-7ar-z-gotowym-projektem-i-pozwoleniem-na-budowe-koziniec-CID3-IDX2QXA.html
Tarnawa Górna ,175 000 ,3 850,45.45,/d/oferta/dzialka-budowlana-CID3-IDR8WMu.html
Rabka,455 000 ,"45,25",10055.25,/d/oferta/idealna-dzialka-pod-budowe-domu-CID3-IDY7jEW.html
Bogdanówka ,99 000 ,3 200,30.94,/d/oferta/dzialka-32-ary-bogdanowka-CID3-IDXYeUc.html
Andrychów ,3 500 000 ,19 300,181.35,https://www.otodom.pl/pl/oferta/andrychow-duzy-teren-przemyslowy-ID4eJM2.html
Kurów ,190 000 ,22,8636.36,/d/oferta/duza-dzialka-w-kurowie-CID3-IDUUvDg.html
Krzyszkowice ,199 000 ,1 300,153.08,/d/oferta/krzyszkowice-13a-dzialka-budowlana-z-pozwoleniem-na-budowe-CID3-IDWpTRq.html
Harbutowice ,52 000 ,2 600,20,/d/oferta/dzialka-harbutowice-CID3-IDXxFy3.html
Brody ,105 000 ,600,175,https://www.otodom.pl/pl/oferta/dzialka-budowlana-brody-519m2-ID4nPrW.html
Wysoka ,175 000 ,"11,66",15008.58,/d/oferta/sprzedam-dzialke-budowlana-o-pow-11-66-ara-w-wysokiej-CID3-IDXZD5L.html
Tresna ,700 000 ,5 256,133.18,/d/oferta/dzialka-budowlana-nad-jeziorem-zywieckim-CID3-IDVZdbD.html
Klecza Dolna ,180 000 ,1 483,121.38,/d/oferta/dzialka-budowlana-15-arow-klecza-dolna-w-okolicy-wadowic-CID3-IDUVPo3.html
Żywiec ,220 000 ,1 229,179.01,/d/oferta/sprzedam-dzialke-CID3-IDXrtHD.html
Głogoczów ,290 000 ,1 083,267.77,https://www.otodom.pl/pl/oferta/dzialka-w-miejscowosci-glogoczow-ID4oqOX.html
Porąbka ,220 000 ,2 200,100,/d/oferta/porabka-wielka-puszcza-dzialka-budowlana-2200m2-z-lasem-i-gorska-woda-CID3-IDYaLqD.html
Sidzina ,150 000 ,8 556,17.53,/d/oferta/dzialki-rolne-sidzina-34-236-CID3-IDVXiTd.html
Czarny Dunajec ,3 000 ,7 500,0.4,/d/oferta/wynajme-piekna-dzialka-czarny-dunajec-baligowka-woda-prad-CID3-IDXbylr.html
Skawinki ,99 000 ,855,115.79,/d/oferta/widokowa-dzialka-gmina-lanckorona-CID3-IDVzKkB.html
Hucisko ,99 000 ,900,110,/d/oferta/sprzedam-dzialke-hucisko-gmina-stryszawa-CID3-IDXZj5k.html
Izdebnik ,130 000 ,3 000,43.33,/d/oferta/dzialka-rolna-30-arow-CID3-IDVXrWa.html
Ślemień ,119 000 ,3 700,32.16,/d/oferta/sprzedam-bardzo-ladna-dzialke-slemien-CID3-IDPXRK7.html
Kęty ,246 000 ,1 800,136.67,/d/oferta/dzialka-budowlana-kety-kobiernice-CID3-IDRCAWj.html
Kęty ,200 000 ,1 900,105.26,https://www.otodom.pl/pl/oferta/2-dzialki-budowlane-19-i-27-ar-kety-j-kantego-ID4iGYl.html
Zawoja ,210 000 ,750,280,/d/oferta/sprzedam-widokowa-dzialke-budowlana-CID3-IDXyjju.html
Roczyny ,179 000 ,1 644,108.88,https://www.otodom.pl/pl/oferta/uzbrojona-dzialka-budowlana-w-spokojnej-okolicy-ID4g5bi.html
Chocznia ,405 000 ,4 900,82.65,https://www.otodom.pl/pl/oferta/dzialki-budowlane-chocznia-ul-koscielna-ID4dppq.html
Chabówka ,2 500 000 ,350,7142.86,/d/oferta/super-lokata-sprzedam-budynek-4-apartamenty-l-CID3-IDXxjSh.html
Skawce ,230 000 ,1 900,121.05,https://www.otodom.pl/pl/oferta/dzialka-budowlana-w-skawcach-przy-drodze-24-ID4ouJ5.html
Tarnawa Górna ,175 000 ,3 850,45.45,/d/oferta/dzialka-budowlana-CID3-IDR8WMu.html
Borzęta ,2 500 ,3 400,0.74,/d/oferta/dzialka-borzeta-do-wynajecia-przy-drodze-glownej-myslenice-dobczyce-CID3-IDNOfeP.html
Barwałd Średni ,400 000 ,8 453,47.32,/d/oferta/dzialka-84a-barwald-sredni-CID3-IDV3QCI.html
Pewel Mała ,500 ,13 000,0.04,/d/oferta/przyborow-gluchaczki-1-3-hektara-CID3-IDTwXi6.html
Frydrychowice ,116 250 ,930,125,/d/oferta/dzialka-budowlana-frydrychowice-CID3-IDXYFdc.html
Sułkowice ,3 500 ,100,35,/d/oferta/dzialka-droga-dojazdowa-nr711-736-CID3-IDXdjg7.html
Tresna ,330 000 ,2 170,152.07,/d/oferta/sprzedam-dzialke-budowlana-blisko-jeziora-zywieckiego-w-tresnej-CID3-IDXaDci.html
Bogdanówka ,99 000 ,3 200,30.94,/d/oferta/dzialka-32-ary-bogdanowka-CID3-IDXYeUc.html
Andrychów ,480 000 ,5 200,92.31,https://www.otodom.pl/pl/oferta/dzialka-budowlana-5200m2-ID4orbS.html
Łękawica ,249 000 ,2 255,110.42,https://www.otodom.pl/pl/oferta/duza-widokowa-budowlana-dzialka-w-lekawicy-ID4ocCV.html
Pewel Mała ,199 000 ,2 123,93.74,https://www.otodom.pl/pl/oferta/dzialka-budowlana-w-beskidach-jak-marzenie-ID4hoXQ.html
Siepraw ,139 900 ,660,211.97,https://www.otodom.pl/pl/oferta/dzialka-budowlana-w-zaciszu-siepraw-ID4nIim.html
Radocza ,107 000 ,1 800,59.44,/d/oferta/dzialka-budowlano-uslugowa-17-60ar-CID3-IDXY07g.html
Zawoja ,315 000 ,584,539.38,/d/oferta/zawoja-policzne-dzialka-CID3-IDY5Vqb.html
Rabka,455 000 ,"45,25",10055.25,/d/oferta/idealna-dzialka-pod-budowe-domu-CID3-IDY7jEW.html
Krzywaczka ,590 000 ,3 500,168.57,https://www.otodom.pl/pl/oferta/dzialka-budowlana-w-krzywaczce-ID4nnUc.html
Grzechynia ,125 000 ,"1 179,08",106.01,https://www.otodom.pl/pl/oferta/dzialka-budowlana-grzechynia-do-negocjacji-ID4iQ4a.html
Świnna ,148 000 ,12 400,11.94,https://www.otodom.pl/pl/oferta/na-sprzedaz-dzialka-lesna-powiat-zywiecki-ID4noIO.html
Przytkowice ,249 000 ,2 976,83.67,https://www.otodom.pl/pl/oferta/-ID4n8CJ.html
Chocznia ,82 500 ,849,97.17,https://www.otodom.pl/pl/oferta/tania-dzialka-budowlana-850m2-w-pieknym-miejscu-ID4o2xg.html
Jordanów ,2 169 000 ,10 471,207.14,/d/oferta/dzialka-z-potencjalem-pod-inwestycje-CID3-IDVZxCh.html
Bujaków ,180 000 ,1 020,176.47,/d/oferta/dzialka-budowlana-z-pieknymi-widokami-15-min-od-bielsko-bialej-CID3-IDQgttG.html
Nidek ,160 000 ,1 401,114.2,/d/oferta/atrakcyjna-dzialka-budowlana-CID3-IDXX7v0.html
Stronie ,190 000 ,20,9500,/d/oferta/sprzedam-dzialke-budowlana-obok-wadowic-CID3-IDXVPmi.html
Barwałd Średni ,380 000 ,14 111,26.93,/d/oferta/dzialka-na-sprzedaz-CID3-IDVSlUX.html
Kuków ,82 500 ,1 129,73.07,/d/oferta/sprzedam-piekna-budowlana-inwestycyjna-CID3-IDQOAaS.html
Wadowice ,249 000 ,1 960,127.04,/d/oferta/dzialka-budowlana-20ar-wysoka-CID3-IDVvePl.html
Klecza Dolna ,180 000 ,1 483,121.38,/d/oferta/dzialka-budowlana-15-arow-klecza-dolna-w-okolicy-wadowic-CID3-IDUVPo3.html
Targoszów ,65 000 ,2 054,31.65,/d/oferta/dzialka-rolna-targoszow-CID3-IDX0HNV.html
Siepraw ,300 000 ,16,18750,/d/oferta/piekna-dzialka-widokowa-16-ar-CID3-IDU6Jmc.html
Ponikiew ,250 000 ,2 334,107.11,https://www.otodom.pl/pl/oferta/atrakcyjna-dzialka-budowlana-ponikiew-k-wadowic-ID4ooT4.html
Pewel Mała ,210 000 ,1 712,122.66,/d/oferta/dzialka-budowlana-na-sprzedaz-w-pewli-malej-w-powiecie-zywieckim-CID3-IDVcGFZ.html
Inwałd ,119 900 ,800,149.88,https://www.otodom.pl/pl/oferta/piekna-widokowa-dzialka-na-sprzedaz-z-mediami-ID3luoi.html
Witanowice ,99 000 ,5 300,18.68,/d/oferta/dzialka-w-witanowicach-53-ary-budowlano-rolna-CID3-IDWrAkn.html
Stryszawa ,149 000 ,1 300,114.62,/d/oferta/dzialka-budowlana-11-ar-CID3-IDRbc6g.html
Kalwaria Zebrzydowska ,400 000 ,12 000,33.33,/d/oferta/dzialka-widokowa-barwald-gorny-1-2-ha-z-lasem-CID3-IDWk1UW.html
Nowa Wieś ,95 000 ,859,110.59,/d/oferta/nieduza-dzialka-budowlana-nowa-wies-gmina-kety-rezerwacja-CID3-IDXUZcZ.html
Łękawica ,139 000 ,1 673,83.08,https://www.otodom.pl/pl/oferta/dzialka-w-lekawicy-prad-przylacze-projekt-pnb-ID4k65A.html
Radocza ,107 000 ,1 800,59.44,/d/oferta/dzialka-budowlano-uslugowa-17-60ar-CID3-IDXY07g.html
Borzęta ,2 500 ,3 400,0.74,/d/oferta/dzialka-borzeta-do-wynajecia-przy-drodze-glownej-myslenice-dobczyce-CID3-IDNOfeP.html
Czarny Dunajec ,3 000 ,7 500,0.4,/d/oferta/wynajme-piekna-dzialka-czarny-dunajec-baligowka-woda-prad-CID3-IDXbylr.html
Chocznia ,745 000 ,6 170,120.75,/d/oferta/dzialka-uslugowa-w-choczni-CID3-IDWR9IB.html
Stanisław Dolny ,99 000 ,6 600,15,/d/oferta/nieruchomosc-gruntowa-w-stanislaw-dolny-idealna-okazja-inwestycyjna-CID3-IDXUqOS.html
Maków Podhalański ,4 000 ,10 000,0.4,/d/oferta/dzialka-inwestycyjna-na-magazyn-parking-komis-przy-drodze-krajowej-28-CID3-IDXiha9.html
Wysoka ,120 000 ,900,133.33,/d/oferta/dzialka-budowlana-9a-piekna-okolica-media-w-zasiegu-reki-CID3-IDUmnoY.html
Rabka,180 000 ,1 250,144,/d/oferta/dzialka-budowlana-rabka-zdroj-CID3-IDSYilj.html
Zawada ,215 000 ,1 700,126.47,/d/oferta/dzialka-budowlana-17-ar-myslenice-zawada-siepraw-gaz-prad-woda-CID3-IDXTNC2.html
Włosań ,70 000 ,20 000,3.5,/d/oferta/wlosan-gmina-mogilany-CID3-IDXTwuU.html
Zachełmna ,450 000 ,3 000,150,https://www.otodom.pl/pl/oferta/dzialka-budowlana-z-panorama-na-beskidy-ID4omWs.html
Czarny Dunajec ,6 000 ,7 000,0.86,/d/oferta/wynajme-dzialke-czarny-dunajec-CID3-IDVRt45.html
Stare Bystre ,3 500 ,4 000,0.88,/d/oferta/wynajme-dzialke-stare-bystre-CID3-IDWArDc.html
Gorzeń Dolny ,120 000 ,24,5000,/d/oferta/dzialka-na-sprzedarz-CID3-IDW9hAg.html
Zawoja ,315 000 ,584,539.38,/d/oferta/zawoja-policzne-dzialka-CID3-IDY5Vqb.html
Klecza Dolna ,180 000 ,1 483,121.38,/d/oferta/dzialka-budowlana-15-arow-klecza-dolna-w-okolicy-wadowic-CID3-IDUVPo3.html
Stryszawa ,190 000 ,1 900,100,/d/oferta/dzialka-stryszawa-CID3-IDXoMCR.html
Rabka,100 000 ,625,160,/d/oferta/rabka-zdroj-dzialka-w-otoczeniu-domkow-gorczanska-CID3-IDXoPJS.html
Rabka,150 000 ,1 736,86.41,/d/oferta/dzialka-przy-szlaku-na-maciejowa-rabka-zdroj-CID3-IDXoLJK.html
Myślenice ,389 000 ,193,2015.54,/d/oferta/dzialka-w-scislym-centrum-myslenic-z-pozwoleniem-na-budowe-CID3-IDXSDjM.html
Żywiec ,1 970 000 ,24 113,81.7,/d/oferta/zywiec-dzialka-budowlano-widokowa-CID3-IDR2euh.html
Łękawica ,31 000 ,1 030,30.1,https://www.otodom.pl/pl/oferta/urokliwa-dzialka-rolna-na-sprzedaz-ID4nIsj.html
Łękawica ,128 000 ,3 196,40.05,https://www.otodom.pl/pl/oferta/widokowa-dzialka-przemyslowo-uslugowa-ID4nIsm.html
Kęty ,210 000 ,1 167,179.95,/d/oferta/sprzedam-dzialke-budowlana-11-6-ar-w-ketach-CID3-IDXntv7.html
Tomice ,1 150 000 ,7 564,152.04,/d/oferta/dzialka-w-calosci-mieszkaniowo-uslugowa-tomice-CID3-IDWl9Fn.html
Głogoczów ,199 000 ,1 965,101.27,https://www.otodom.pl/pl/oferta/-ID4jJfB.html
Wadowice ,249 000 ,1 960,127.04,/d/oferta/dzialka-budowlana-20ar-wysoka-CID3-IDVvePl.html
Skawce ,230 000 ,1 900,121.05,https://www.otodom.pl/pl/oferta/dzialka-budowlana-w-skawcach-przy-drodze-24-ID4ouJ5.html
Porąbka ,220 000 ,2 200,100,/d/oferta/porabka-wielka-puszcza-dzialka-budowlana-2200m2-z-lasem-i-gorska-woda-CID3-IDYaLqD.html
Pewel Ślemieńska ,85 000 ,700,121.43,/d/oferta/sprzedam-dzialke-budowlana-widokowa-CID3-IDVf1Qf.html
Barwałd Średni ,137 000 ,1 109,123.53,https://www.otodom.pl/pl/oferta/-ID4ojSq.html
Sułkowice ,280 000 ,1 067,262.42,/d/oferta/dzialka-z-domem-sulkowice-CID3-IDSAHy1.html
Osiek ,265 000 ,3 899,67.97,https://www.otodom.pl/pl/oferta/duza-dzialka-w-spokojnej-okolicy-osiek-ID4ol3X.html
Sułkowice ,1 099 000 ,5 500,199.82,https://www.otodom.pl/pl/oferta/dzialka-inwestycyjna-u-mu-w-sulkowicach-ID4mt41.html
Witkowice ,105 000 ,1 100,95.45,/d/oferta/witkowice-dzialka-budowlana-11-arow-CID3-IDUL0zN.html
Sułkowice ,229 500 ,51 000,4.5,/d/oferta/na-sprzedaz-dzialka-rolna-CID3-IDXhCxk.html
Pewel Mała ,800 ,2 300,0.35,/d/oferta/2-dzialki-przy-glownej-drodze-zywiec-korbielow-CID3-IDUbAGX.html
Roczyny ,185 000 ,1 803,102.61,/d/oferta/piekna-dzialka-ul-leszczynowa-roczyny-18-arow-CID3-IDVFx9o.html
Kalwaria Zebrzydowska ,135 000 ,1 350,100,/d/oferta/sprzedam-dzialke-budowlana-w-kalwarii-zebrzydowskiej-CID3-IDKVrHM.html
Nidek ,160 000 ,1 401,114.2,/d/oferta/atrakcyjna-dzialka-budowlana-CID3-IDXX7v0.html
Lachowice ,172 000 ,1 168,147.26,/d/oferta/lachowice-widokowa-dzialka-budowlana-prad-woda-CID3-IDY9rv3.html
Kuków ,82 500 ,1 129,73.07,/d/oferta/sprzedam-piekna-budowlana-inwestycyjna-CID3-IDQOAaS.html
Pewel Wielka ,90 000 ,601,149.75,/d/oferta/dzialka-budowlana-600m2-pewel-wielka-CID3-IDXk2K5.html
Mucharz ,69 000 ,1 100,62.73,/d/oferta/wadowice-mucharz-dzialka-budowlana-na-dom-lub-domki-letniskowe-CID3-IDXPUSn.html
Hucisko ,122 000 ,1 400,87.14,/d/oferta/dzialka-w-gorach-CID3-IDQBu6Y.html
Tresna ,190 000 ,1 029,184.65,https://www.otodom.pl/pl/oferta/tresna-dzialka-budowlana-10-29a-jezioro-zywieckie-ID4mugQ.html
Rabka,175 000 ,1 757,99.6,https://www.otodom.pl/pl/oferta/dzialka-z-panorama-gorska-i-pozwoleniem-na-budowe-ID4ojNs.html
Chocznia ,150 000 ,1 752,85.62,/d/oferta/dzialka-budowlana-chocznia-17ar-CID3-IDXPwM5.html
Maków Podhalański ,320 000 ,2 100,152.38,/d/oferta/dzialka-widokowa-piekny-widok-makow-podhalanski-CID3-IDXjORy.html
Lgota ,120 000 ,1 000,120,/d/oferta/atrakcyjne-dzialki-w-spokojnej-okolicy-CID3-IDXOFze.html
Sucha Beskidzka ,250 000 ,1 050,238.1,https://www.otodom.pl/pl/oferta/widokowa-dzialka-budowlana-przy-lesie-sucha-besk-ID4ojxF.html
Rychwałd ,190 000 ,760,250,/d/oferta/dzialka-budowlana-z-rozpoczeta-budowa-i-fundamentem-CID3-IDXndoT.html
Kuków ,82 500 ,1 129,73.07,/d/oferta/sprzedam-piekna-budowlana-inwestycyjna-CID3-IDQOAaS.html
Porąbka ,220 000 ,2 200,100,/d/oferta/porabka-wielka-puszcza-dzialka-budowlana-2200m2-z-lasem-i-gorska-woda-CID3-IDYaLqD.html
Tarnawa Górna ,175 000 ,3 850,45.45,/d/oferta/dzialka-budowlana-CID3-IDR8WMu.html
Andrychów ,2 600 000 ,9 978,260.57,https://www.otodom.pl/pl/oferta/andrychow-wieprz-dzialka-przemyslowa-z-projektem-ID4aPJl.html
Pcim ,400 000 ,56 000,7.14,/d/oferta/dzialka-budowlana-56-arow-CID3-IDXOIkM.html
Biertowice ,1 250 000 ,17 900,69.83,/d/oferta/dzialka-inwestycyjna-w-izdebniku-1-79-ha-CID3-IDD1DC7.html
Żywiec ,1 800 ,350,5.14,/d/oferta/plac-utwardzony-zywiec-przy-s1-CID3-IDSTnDn.html
Lipnica Wielka ,100 000 ,891,112.23,/d/oferta/dzialka-budowlana-lipnica-wielka-CID3-IDXNm5R.html
Osielec ,220 000 ,20 000,11,/d/oferta/sprzedam-dzialki-rolne-osielec-CID3-IDXOhQk.html
Mogilany ,420 000 ,2 173,193.28,https://www.otodom.pl/pl/oferta/dwie-atrakcyjne-dzialki-10arow-i-11-5ara-mogilany-ID4n5bS.html
Białka ,200 000 ,1 556,128.53,https://www.otodom.pl/pl/oferta/dzialka-budowlana-bialka-makow-podhalanski-ID4nJw4.html
Stryszawa ,639 240 ,3 115,205.21,/d/oferta/dzialka-mieszkalno-uslugowa-31-arow-przy-glownej-drodze-stryszawa-CID3-IDXO5fX.html
Borzęta ,2 500 ,3 400,0.74,/d/oferta/dzialka-borzeta-do-wynajecia-przy-drodze-glownej-myslenice-dobczyce-CID3-IDNOfeP.html
Izdebnik ,139 000 ,1 300,106.92,/d/oferta/13-ar-izdebnik-dzialka-przy-lesie-z-mediami-budowlana-CID3-IDMOlfe.html
Sidzina ,150 000 ,8 556,17.53,/d/oferta/dzialki-rolne-sidzina-34-236-CID3-IDVXiTd.html
Stryszawa ,295 000 ,2 000,147.5,https://www.otodom.pl/pl/oferta/dzialka-budowlana-z-widokiem-na-babia-gore-ID4ofBn.html
Sieniawa ,230 000 ,1 486,154.78,https://www.otodom.pl/pl/oferta/dzialka-budowalana-z-rozpoczeta-budowa-domu-70-m2-ID4notm.html
Trzebinia ,45 000 ,1 234,36.47,/d/oferta/dzialka-rolna-rekreacyjna-CID3-IDV4st3.html
Budzów ,478 800 ,1 200,399,/d/oferta/dzialka-budowlano-uslugowa-doskonala-lokalizacja-CID3-IDVjFac.html
Świnna Poręba ,165 000 ,1 100,150,/d/oferta/dzialka-budowlana-11-ar-swinna-poreba-jezioro-mucharskie-CID3-IDX5tN7.html
Świnna Poręba ,160 000 ,1 000,160,/d/oferta/dzialka-budowlana-10-ar-swinna-poreba-jezioro-mucharskie-CID3-IDX5thV.html
Pewel Mała ,500 ,500,1,/d/oferta/dzialka-w-gorach-nad-rzeka-CID3-IDXNmqh.html
Jordanów ,1 500 000 ,5 900,254.24,https://www.otodom.pl/pl/oferta/dzialka-przemyslowa-59-ar-pod-inwestycje-ID4nLi7.html
Stróża ,349 000 ,7 000,49.86,https://www.otodom.pl/pl/oferta/dzilaka-budowlana-z-lasem-ID4nKng.html
Jabłonka ,703 500 ,6 320,111.31,https://www.otodom.pl/pl/oferta/dzialka-budowlana-63-a-w-miejscowosci-jablonka-ID4mHaV.html
Gorzeń Dolny ,120 000 ,24,5000,/d/oferta/dzialka-na-sprzedarz-CID3-IDW9hAg.html
Skawce ,230 000 ,1 900,121.05,https://www.otodom.pl/pl/oferta/dzialka-budowlana-w-skawcach-przy-drodze-24-ID4ouJ5.html
Radocza ,107 000 ,1 800,59.44,/d/oferta/dzialka-budowlano-uslugowa-17-60ar-CID3-IDXY07g.html
Włosań ,200 000 ,1 300,153.85,https://www.otodom.pl/pl/oferta/sprzedam-dzialke-widokowa-wlosan-ID4nm5A.html
Żywiec ,270 000 ,900,300,https://www.otodom.pl/pl/oferta/piekna-widokowa-dzialka-uzbrojona-z-pozwoleniem-ID4ks4P.html
Lipnica Wielka ,169 999 ,2 034,83.58,https://www.otodom.pl/pl/oferta/widokowa-dzialka-lipnica-wielka-ID4o9vU.html
Łętownia ,309 000 ,4 035,76.58,https://www.otodom.pl/pl/oferta/dzialka-budowlana-z-pieknym-widokiem-letownia-87-ID4ntvW.html
Jaroszowice ,799 000 ,4 723,169.17,https://www.otodom.pl/pl/oferta/dzialka-budowlana-47-ar-jaroszowice-wadowice-ID4o7iL.html
Głogoczów ,1 820 000 ,13 700,132.85,https://www.otodom.pl/pl/oferta/dzialka-na-sprzedaz-z-potencjalem-inwestycyjnym-ID4o6eK.html
Łękawica ,69 900 ,720,97.08,https://www.otodom.pl/pl/oferta/dzialka-budowlana-w-otoczeniu-zieleni-cisza-ID4mje9.html
Zawada ,1 950 000 ,15 200,128.29,https://www.otodom.pl/pl/oferta/sprzedam-atrakcyjna-dzialke-zawada-gm-myslenice-ID4o5rz.html
Izdebnik ,1 790 000 ,9 250,193.51,https://www.otodom.pl/pl/oferta/dzialka-uslugowo-produkcyjna-izdebnik-ID4mnLE.html
Zebrzydowice ,793 000 ,12 200,65,https://www.otodom.pl/pl/oferta/sprzedam-dzialke-budowlana-zebrzydowice-ID4fhLd.html
Lachowice ,172 000 ,1 168,147.26,/d/oferta/lachowice-widokowa-dzialka-budowlana-prad-woda-CID3-IDY9rv3.html
Bogdanówka ,99 000 ,3 200,30.94,/d/oferta/dzialka-32-ary-bogdanowka-CID3-IDXYeUc.html
Rabka,455 000 ,"45,25",10055.25,/d/oferta/idealna-dzialka-pod-budowe-domu-CID3-IDY7jEW.html
Żywiec ,200 000 ,1 000,200,https://www.otodom.pl/pl/oferta/sprzedam-dzialki-10-arowe-zywiec-widokowe-ID4lcGD.html
Nidek ,85 000 ,1 037,81.97,https://www.otodom.pl/pl/oferta/nidek-sprzedam-dzialke-budowlana-bezposrednio-ID4lTCh.html
Leśnica ,12 500 ,850,14.71,https://www.otodom.pl/pl/oferta/dzialka-rolna-w-cichym-i-spokojnym-miejscu-ID4nXxp.html
Długopole ,210 000 ,700,300,https://www.otodom.pl/pl/oferta/dzialka-mpzp-budowlana-7ar-dlugopole-gm-nowy-targ-ID4n4U4.html
Siepraw ,124 900 ,721,173.23,https://www.otodom.pl/pl/oferta/dzialka-oferta-indywidualna-lub-inwestycyjna-opis-ID4nWbu.html
Andrychów ,400 000 ,4 439,90.11,https://www.otodom.pl/pl/oferta/rewelacyjna-dzialka-uslugowo-mieszkaniowa-roczyny-ID4k1lT.html
Mucharz ,2 000 000 ,10 030,199.4,https://www.otodom.pl/pl/oferta/dzialka-inwestycyjna-blisko-jezioro-mucharskiego-ID4nUaP.html
Zawoja ,3 900 000 ,5 375,725.58,https://www.otodom.pl/pl/oferta/dzialka-inwestycyjna-zawoja-widok-na-babia-gore-ID4mhKe.html
